Entity,Code,Year,Population density,country,latitude,longitude,name
Albania,ALB,2003,112.88296,AL,41.153332,20.168331,Albania
Albania,ALB,2004,111.77478,AL,41.153332,20.168331,Albania
Albania,ALB,2005,110.680145,AL,41.153332,20.168331,Albania
Albania,ALB,2006,109.61281,AL,41.153332,20.168331,Albania
Albania,ALB,2007,108.61639,AL,41.153332,20.168331,Albania
Albania,ALB,2008,107.725914,AL,41.153332,20.168331,Albania
Albania,ALB,2009,106.95449,AL,41.153332,20.168331,Albania
Albania,ALB,2010,106.32854,AL,41.153332,20.168331,Albania
Albania,ALB,2011,105.8635,AL,41.153332,20.168331,Albania
Albania,ALB,2012,105.55441,AL,41.153332,20.168331,Albania
Albania,ALB,2013,105.365654,AL,41.153332,20.168331,Albania
Albania,ALB,2014,105.259125,AL,41.153332,20.168331,Albania
Albania,ALB,2015,105.20007,AL,41.153332,20.168331,Albania
Albania,ALB,2016,105.14832,AL,41.153332,20.168331,Albania
Albania,ALB,2017,105.08617,AL,41.153332,20.168331,Albania
Albania,ALB,2018,105.000694,AL,41.153332,20.168331,Albania
Albania,ALB,2019,104.88624,AL,41.153332,20.168331,Albania
Albania,ALB,2020,104.62956,AL,41.153332,20.168331,Albania
Albania,ALB,2021,104.18649,AL,41.153332,20.168331,Albania
Albania,ALB,2022,103.73423,AL,41.153332,20.168331,Albania
Albania,ALB,2023,103.37383,AL,41.153332,20.168331,Albania
Andorra,AND,2003,157.29575,AD,42.546245,1.601554,Andorra
Andorra,AND,2004,163.7234,AD,42.546245,1.601554,Andorra
Andorra,AND,2005,169.88298,AD,42.546245,1.601554,Andorra
Andorra,AND,2006,170.72552,AD,42.546245,1.601554,Andorra
Andorra,AND,2007,166.35532,AD,42.546245,1.601554,Andorra
Andorra,AND,2008,161.85745,AD,42.546245,1.601554,Andorra
Andorra,AND,2009,157.18936,AD,42.546245,1.601554,Andorra
Andorra,AND,2010,152.21703,AD,42.546245,1.601554,Andorra
Andorra,AND,2011,150.1851,AD,42.546245,1.601554,Andorra
Andorra,AND,2012,151.13829,AD,42.546245,1.601554,Andorra
Andorra,AND,2013,151.88298,AD,42.546245,1.601554,Andorra
Andorra,AND,2014,152.43404,AD,42.546245,1.601554,Andorra
Andorra,AND,2015,152.69362,AD,42.546245,1.601554,Andorra
Andorra,AND,2016,154.38936,AD,42.546245,1.601554,Andorra
Andorra,AND,2017,157.13405,AD,42.546245,1.601554,Andorra
Andorra,AND,2018,159.6468,AD,42.546245,1.601554,Andorra
Andorra,AND,2019,162.47021,AD,42.546245,1.601554,Andorra
Andorra,AND,2020,165.36809,AD,42.546245,1.601554,Andorra
Andorra,AND,2021,168.20639,AD,42.546245,1.601554,Andorra
Andorra,AND,2022,169.87872,AD,42.546245,1.601554,Andorra
Andorra,AND,2023,170.43404,AD,42.546245,1.601554,Andorra
Armenia,ARM,2003,108.32831,AM,40.069099,45.038189,Armenia
Armenia,ARM,2004,107.68346,AM,40.069099,45.038189,Armenia
Armenia,ARM,2005,107.03386,AM,40.069099,45.038189,Armenia
Armenia,ARM,2006,106.30453,AM,40.069099,45.038189,Armenia
Armenia,ARM,2007,105.52856,AM,40.069099,45.038189,Armenia
Armenia,ARM,2008,104.791885,AM,40.069099,45.038189,Armenia
Armenia,ARM,2009,104.120125,AM,40.069099,45.038189,Armenia
Armenia,ARM,2010,103.48774,AM,40.069099,45.038189,Armenia
Armenia,ARM,2011,102.87966,AM,40.069099,45.038189,Armenia
Armenia,ARM,2012,102.368385,AM,40.069099,45.038189,Armenia
Armenia,ARM,2013,101.91029,AM,40.069099,45.038189,Armenia
Armenia,ARM,2014,101.50815,AM,40.069099,45.038189,Armenia
Armenia,ARM,2015,101.10987,AM,40.069099,45.038189,Armenia
Armenia,ARM,2016,100.66178,AM,40.069099,45.038189,Armenia
Armenia,ARM,2017,100.17313,AM,40.069099,45.038189,Armenia
Armenia,ARM,2018,99.6334,AM,40.069099,45.038189,Armenia
Armenia,ARM,2019,99.072845,AM,40.069099,45.038189,Armenia
Armenia,ARM,2020,98.54619,AM,40.069099,45.038189,Armenia
Armenia,ARM,2021,98.032,AM,40.069099,45.038189,Armenia
Armenia,ARM,2022,97.66322,AM,40.069099,45.038189,Armenia
Armenia,ARM,2023,97.575485,AM,40.069099,45.038189,Armenia
Austria,AUT,2003,98.40166,AT,47.516231,14.550072,Austria
Austria,AUT,2004,99.02103,AT,47.516231,14.550072,Austria
Austria,AUT,2005,99.69746,AT,47.516231,14.550072,Austria
Austria,AUT,2006,100.19112,AT,47.516231,14.550072,Austria
Austria,AUT,2007,100.51769,AT,47.516231,14.550072,Austria
Austria,AUT,2008,100.83778,AT,47.516231,14.550072,Austria
Austria,AUT,2009,101.10202,AT,47.516231,14.550072,Austria
Austria,AUT,2010,101.343056,AT,47.516231,14.550072,Austria
Austria,AUT,2011,101.686874,AT,47.516231,14.550072,Austria
Austria,AUT,2012,102.1527,AT,47.516231,14.550072,Austria
Austria,AUT,2013,102.757416,AT,47.516231,14.550072,Austria
Austria,AUT,2014,103.563576,AT,47.516231,14.550072,Austria
Austria,AUT,2015,104.73124,AT,47.516231,14.550072,Austria
Austria,AUT,2016,105.87119,AT,47.516231,14.550072,Austria
Austria,AUT,2017,106.61048,AT,47.516231,14.550072,Austria
Austria,AUT,2018,107.13182,AT,47.516231,14.550072,Austria
Austria,AUT,2019,107.609535,AT,47.516231,14.550072,Austria
Austria,AUT,2020,107.94692,AT,47.516231,14.550072,Austria
Austria,AUT,2021,108.120285,AT,47.516231,14.550072,Austria
Austria,AUT,2022,108.33273,AT,47.516231,14.550072,Austria
Austria,AUT,2023,108.56715,AT,47.516231,14.550072,Austria
Azerbaijan,AZE,2003,102.39256,AZ,40.143105,47.576927,Azerbaijan
Azerbaijan,AZE,2004,103.52792,AZ,40.143105,47.576927,Azerbaijan
Azerbaijan,AZE,2005,104.738815,AZ,40.143105,47.576927,Azerbaijan
Azerbaijan,AZE,2006,106.03482,AZ,40.143105,47.576927,Azerbaijan
Azerbaijan,AZE,2007,107.42696,AZ,40.143105,47.576927,Azerbaijan
Azerbaijan,AZE,2008,108.89454,AZ,40.143105,47.576927,Azerbaijan
Azerbaijan,AZE,2009,110.3457,AZ,40.143105,47.576927,Azerbaijan
Azerbaijan,AZE,2010,111.76831,AZ,40.143105,47.576927,Azerbaijan
Azerbaijan,AZE,2011,113.24225,AZ,40.143105,47.576927,Azerbaijan
Azerbaijan,AZE,2012,114.77359,AZ,40.143105,47.576927,Azerbaijan
Azerbaijan,AZE,2013,116.33327,AZ,40.143105,47.576927,Azerbaijan
Azerbaijan,AZE,2014,117.874794,AZ,40.143105,47.576927,Azerbaijan
Azerbaijan,AZE,2015,119.3462,AZ,40.143105,47.576927,Azerbaijan
Azerbaijan,AZE,2016,120.71068,AZ,40.143105,47.576927,Azerbaijan
Azerbaijan,AZE,2017,121.863976,AZ,40.143105,47.576927,Azerbaijan
Azerbaijan,AZE,2018,122.84351,AZ,40.143105,47.576927,Azerbaijan
Azerbaijan,AZE,2019,123.81436,AZ,40.143105,47.576927,Azerbaijan
Azerbaijan,AZE,2020,124.44586,AZ,40.143105,47.576927,Azerbaijan
Azerbaijan,AZE,2021,124.78514,AZ,40.143105,47.576927,Azerbaijan
Azerbaijan,AZE,2022,125.33067,AZ,40.143105,47.576927,Azerbaijan
Azerbaijan,AZE,2023,125.99101,AZ,40.143105,47.576927,Azerbaijan
Belarus,BLR,2003,49.590508,BY,53.709807,27.953389,Belarus
Belarus,BLR,2004,49.264523,BY,53.709807,27.953389,Belarus
Belarus,BLR,2005,48.946526,BY,53.709807,27.953389,Belarus
Belarus,BLR,2006,48.648636,BY,53.709807,27.953389,Belarus
Belarus,BLR,2007,48.40866,BY,53.709807,27.953389,Belarus
Belarus,BLR,2008,48.220657,BY,53.709807,27.953389,Belarus
Belarus,BLR,2009,48.072273,BY,53.709807,27.953389,Belarus
Belarus,BLR,2010,47.942783,BY,53.709807,27.953389,Belarus
Belarus,BLR,2011,47.82236,BY,53.709807,27.953389,Belarus
Belarus,BLR,2012,47.757187,BY,53.709807,27.953389,Belarus
Belarus,BLR,2013,47.744324,BY,53.709807,27.953389,Belarus
Belarus,BLR,2014,47.757122,BY,53.709807,27.953389,Belarus
Belarus,BLR,2015,47.79096,BY,53.709807,27.953389,Belarus
Belarus,BLR,2016,47.82792,BY,53.709807,27.953389,Belarus
Belarus,BLR,2017,47.82675,BY,53.709807,27.953389,Belarus
Belarus,BLR,2018,47.766148,BY,53.709807,27.953389,Belarus
Belarus,BLR,2019,47.659725,BY,53.709807,27.953389,Belarus
Belarus,BLR,2020,47.461548,BY,53.709807,27.953389,Belarus
Belarus,BLR,2021,47.187763,BY,53.709807,27.953389,Belarus
Belarus,BLR,2022,46.974854,BY,53.709807,27.953389,Belarus
Belarus,BLR,2023,46.793957,BY,53.709807,27.953389,Belarus
Belgium,BEL,2003,343.54526,BE,50.503887,4.469936,Belgium
Belgium,BEL,2004,345.31586,BE,50.503887,4.469936,Belgium
Belgium,BEL,2005,347.32428,BE,50.503887,4.469936,Belgium
Belgium,BEL,2006,349.50363,BE,50.503887,4.469936,Belgium
Belgium,BEL,2007,351.83945,BE,50.503887,4.469936,Belgium
Belgium,BEL,2008,354.25098,BE,50.503887,4.469936,Belgium
Belgium,BEL,2009,356.71588,BE,50.503887,4.469936,Belgium
Belgium,BEL,2010,359.2453,BE,50.503887,4.469936,Belgium
Belgium,BEL,2011,361.81445,BE,50.503887,4.469936,Belgium
Belgium,BEL,2012,364.3045,BE,50.503887,4.469936,Belgium
Belgium,BEL,2013,366.68625,BE,50.503887,4.469936,Belgium
Belgium,BEL,2014,369.11252,BE,50.503887,4.469936,Belgium
Belgium,BEL,2015,371.4764,BE,50.503887,4.469936,Belgium
Belgium,BEL,2016,373.73965,BE,50.503887,4.469936,Belgium
Belgium,BEL,2017,375.97394,BE,50.503887,4.469936,Belgium
Belgium,BEL,2018,378.0911,BE,50.503887,4.469936,Belgium
Belgium,BEL,2019,380.1377,BE,50.503887,4.469936,Belgium
Belgium,BEL,2020,381.8268,BE,50.503887,4.469936,Belgium
Belgium,BEL,2021,383.46817,BE,50.503887,4.469936,Belgium
Belgium,BEL,2022,384.93802,BE,50.503887,4.469936,Belgium
Belgium,BEL,2023,385.9362,BE,50.503887,4.469936,Belgium
Bosnia and Herzegovina,BIH,2003,81.71402,BA,43.915886,17.679076,Bosnia and Herzegovina
Bosnia and Herzegovina,BIH,2004,80.91519,BA,43.915886,17.679076,Bosnia and Herzegovina
Bosnia and Herzegovina,BIH,2005,79.966736,BA,43.915886,17.679076,Bosnia and Herzegovina
Bosnia and Herzegovina,BIH,2006,79.25949,BA,43.915886,17.679076,Bosnia and Herzegovina
Bosnia and Herzegovina,BIH,2007,78.27885,BA,43.915886,17.679076,Bosnia and Herzegovina
Bosnia and Herzegovina,BIH,2008,77.01933,BA,43.915886,17.679076,Bosnia and Herzegovina
Bosnia and Herzegovina,BIH,2009,75.737404,BA,43.915886,17.679076,Bosnia and Herzegovina
Bosnia and Herzegovina,BIH,2010,74.43541,BA,43.915886,17.679076,Bosnia and Herzegovina
Bosnia and Herzegovina,BIH,2011,73.10826,BA,43.915886,17.679076,Bosnia and Herzegovina
Bosnia and Herzegovina,BIH,2012,71.76516,BA,43.915886,17.679076,Bosnia and Herzegovina
Bosnia and Herzegovina,BIH,2013,70.65555,BA,43.915886,17.679076,Bosnia and Herzegovina
Bosnia and Herzegovina,BIH,2014,69.74746,BA,43.915886,17.679076,Bosnia and Herzegovina
Bosnia and Herzegovina,BIH,2015,68.83453,BA,43.915886,17.679076,Bosnia and Herzegovina
Bosnia and Herzegovina,BIH,2016,67.98799,BA,43.915886,17.679076,Bosnia and Herzegovina
Bosnia and Herzegovina,BIH,2017,67.18799,BA,43.915886,17.679076,Bosnia and Herzegovina
Bosnia and Herzegovina,BIH,2018,66.40883,BA,43.915886,17.679076,Bosnia and Herzegovina
Bosnia and Herzegovina,BIH,2019,65.63902,BA,43.915886,17.679076,Bosnia and Herzegovina
Bosnia and Herzegovina,BIH,2020,64.8127,BA,43.915886,17.679076,Bosnia and Herzegovina
Bosnia and Herzegovina,BIH,2021,63.885704,BA,43.915886,17.679076,Bosnia and Herzegovina
Bosnia and Herzegovina,BIH,2022,63.154884,BA,43.915886,17.679076,Bosnia and Herzegovina
Bosnia and Herzegovina,BIH,2023,62.712013,BA,43.915886,17.679076,Bosnia and Herzegovina
Bulgaria,BGR,2003,72.93427,BG,42.733883,25.48583,Bulgaria
Bulgaria,BGR,2004,72.45131,BG,42.733883,25.48583,Bulgaria
Bulgaria,BGR,2005,71.989876,BG,42.733883,25.48583,Bulgaria
Bulgaria,BGR,2006,71.53684,BG,42.733883,25.48583,Bulgaria
Bulgaria,BGR,2007,71.10386,BG,42.733883,25.48583,Bulgaria
Bulgaria,BGR,2008,70.69742,BG,42.733883,25.48583,Bulgaria
Bulgaria,BGR,2009,70.32735,BG,42.733883,25.48583,Bulgaria
Bulgaria,BGR,2010,69.93617,BG,42.733883,25.48583,Bulgaria
Bulgaria,BGR,2011,69.48349,BG,42.733883,25.48583,Bulgaria
Bulgaria,BGR,2012,68.97888,BG,42.733883,25.48583,Bulgaria
Bulgaria,BGR,2013,68.45219,BG,42.733883,25.48583,Bulgaria
Bulgaria,BGR,2014,67.908455,BG,42.733883,25.48583,Bulgaria
Bulgaria,BGR,2015,67.32917,BG,42.733883,25.48583,Bulgaria
Bulgaria,BGR,2016,66.74633,BG,42.733883,25.48583,Bulgaria
Bulgaria,BGR,2017,66.16093,BG,42.733883,25.48583,Bulgaria
Bulgaria,BGR,2018,65.56212,BG,42.733883,25.48583,Bulgaria
Bulgaria,BGR,2019,64.96441,BG,42.733883,25.48583,Bulgaria
Bulgaria,BGR,2020,64.2887,BG,42.733883,25.48583,Bulgaria
Bulgaria,BGR,2021,63.429108,BG,42.733883,25.48583,Bulgaria
Bulgaria,BGR,2022,62.47195,BG,42.733883,25.48583,Bulgaria
Bulgaria,BGR,2023,61.60387,BG,42.733883,25.48583,Bulgaria
Croatia,HRV,2003,79.72018,HR,45.1,15.2,Croatia
Croatia,HRV,2004,79.40227,HR,45.1,15.2,Croatia
Croatia,HRV,2005,79.1581,HR,45.1,15.2,Croatia
Croatia,HRV,2006,78.94142,HR,45.1,15.2,Croatia
Croatia,HRV,2007,78.72662,HR,45.1,15.2,Croatia
Croatia,HRV,2008,78.514404,HR,45.1,15.2,Croatia
Croatia,HRV,2009,78.30847,HR,45.1,15.2,Croatia
Croatia,HRV,2010,78.06791,HR,45.1,15.2,Croatia
Croatia,HRV,2011,77.76694,HR,45.1,15.2,Croatia
Croatia,HRV,2012,77.40514,HR,45.1,15.2,Croatia
Croatia,HRV,2013,76.99882,HR,45.1,15.2,Croatia
Croatia,HRV,2014,76.55411,HR,45.1,15.2,Croatia
Croatia,HRV,2015,76.03326,HR,45.1,15.2,Croatia
Croatia,HRV,2016,75.47798,HR,45.1,15.2,Croatia
Croatia,HRV,2017,74.919014,HR,45.1,15.2,Croatia
Croatia,HRV,2018,74.347534,HR,45.1,15.2,Croatia
Croatia,HRV,2019,73.79823,HR,45.1,15.2,Croatia
Croatia,HRV,2020,73.210724,HR,45.1,15.2,Croatia
Croatia,HRV,2021,72.554306,HR,45.1,15.2,Croatia
Croatia,HRV,2022,72.02218,HR,45.1,15.2,Croatia
Croatia,HRV,2023,71.633575,HR,45.1,15.2,Croatia
Cyprus,CYP,2003,108.26353,CY,35.126413,33.429859,Cyprus
Cyprus,CYP,2004,110.24762,CY,35.126413,33.429859,Cyprus
Cyprus,CYP,2005,112.237015,CY,35.126413,33.429859,Cyprus
Cyprus,CYP,2006,114.22565,CY,35.126413,33.429859,Cyprus
Cyprus,CYP,2007,116.22024,CY,35.126413,33.429859,Cyprus
Cyprus,CYP,2008,118.22533,CY,35.126413,33.429859,Cyprus
Cyprus,CYP,2009,120.235825,CY,35.126413,33.429859,Cyprus
Cyprus,CYP,2010,122.26115,CY,35.126413,33.429859,Cyprus
Cyprus,CYP,2011,123.92749,CY,35.126413,33.429859,Cyprus
Cyprus,CYP,2012,125.168396,CY,35.126413,33.429859,Cyprus
Cyprus,CYP,2013,126.29567,CY,35.126413,33.429859,Cyprus
Cyprus,CYP,2014,127.38063,CY,35.126413,33.429859,Cyprus
Cyprus,CYP,2015,128.49416,CY,35.126413,33.429859,Cyprus
Cyprus,CYP,2016,129.64166,CY,35.126413,33.429859,Cyprus
Cyprus,CYP,2017,130.79297,CY,35.126413,33.429859,Cyprus
Cyprus,CYP,2018,131.90845,CY,35.126413,33.429859,Cyprus
Cyprus,CYP,2019,132.99135,CY,35.126413,33.429859,Cyprus
Cyprus,CYP,2020,133.9329,CY,35.126413,33.429859,Cyprus
Cyprus,CYP,2021,134.65292,CY,35.126413,33.429859,Cyprus
Cyprus,CYP,2022,135.44286,CY,35.126413,33.429859,Cyprus
Cyprus,CYP,2023,136.37923,CY,35.126413,33.429859,Cyprus
Denmark,DNK,2003,134.90887,DK,56.26392,9.501785,Denmark
Denmark,DNK,2004,135.38957,DK,56.26392,9.501785,Denmark
Denmark,DNK,2005,135.90785,DK,56.26392,9.501785,Denmark
Denmark,DNK,2006,136.44658,DK,56.26392,9.501785,Denmark
Denmark,DNK,2007,136.99306,DK,56.26392,9.501785,Denmark
Denmark,DNK,2008,137.5688,DK,56.26392,9.501785,Denmark
Denmark,DNK,2009,138.16138,DK,56.26392,9.501785,Denmark
Denmark,DNK,2010,138.77126,DK,56.26392,9.501785,Denmark
Denmark,DNK,2011,139.4004,DK,56.26392,9.501785,Denmark
Denmark,DNK,2012,140.02388,DK,56.26392,9.501785,Denmark
Denmark,DNK,2013,140.63483,DK,56.26392,9.501785,Denmark
Denmark,DNK,2014,141.26636,DK,56.26392,9.501785,Denmark
Denmark,DNK,2015,141.94487,DK,56.26392,9.501785,Denmark
Denmark,DNK,2016,142.6714,DK,56.26392,9.501785,Denmark
Denmark,DNK,2017,143.43214,DK,56.26392,9.501785,Denmark
Denmark,DNK,2018,144.16722,DK,56.26392,9.501785,Denmark
Denmark,DNK,2019,144.89697,DK,56.26392,9.501785,Denmark
Denmark,DNK,2020,145.64095,DK,56.26392,9.501785,Denmark
Denmark,DNK,2021,146.35616,DK,56.26392,9.501785,Denmark
Denmark,DNK,2022,147.05647,DK,56.26392,9.501785,Denmark
Denmark,DNK,2023,147.77278,DK,56.26392,9.501785,Denmark
Estonia,EST,2003,32.062294,EE,58.595272,25.013607,Estonia
Estonia,EST,2004,31.871088,EE,58.595272,25.013607,Estonia
Estonia,EST,2005,31.68807,EE,58.595272,25.013607,Estonia
Estonia,EST,2006,31.502012,EE,58.595272,25.013607,Estonia
Estonia,EST,2007,31.358503,EE,58.595272,25.013607,Estonia
Estonia,EST,2008,31.275158,EE,58.595272,25.013607,Estonia
Estonia,EST,2009,31.217707,EE,58.595272,25.013607,Estonia
Estonia,EST,2010,31.147018,EE,58.595272,25.013607,Estonia
Estonia,EST,2011,31.051111,EE,58.595272,25.013607,Estonia
Estonia,EST,2012,30.93993,EE,58.595272,25.013607,Estonia
Estonia,EST,2013,30.83006,EE,58.595272,25.013607,Estonia
Estonia,EST,2014,30.749264,EE,58.595272,25.013607,Estonia
Estonia,EST,2015,30.752234,EE,58.595272,25.013607,Estonia
Estonia,EST,2016,30.781942,EE,58.595272,25.013607,Estonia
Estonia,EST,2017,30.819883,EE,58.595272,25.013607,Estonia
Estonia,EST,2018,30.927391,EE,58.595272,25.013607,Estonia
Estonia,EST,2019,31.041847,EE,58.595272,25.013607,Estonia
Estonia,EST,2020,31.098223,EE,58.595272,25.013607,Estonia
Estonia,EST,2021,31.080795,EE,58.595272,25.013607,Estonia
Estonia,EST,2022,31.019041,EE,58.595272,25.013607,Estonia
Estonia,EST,2023,30.941849,EE,58.595272,25.013607,Estonia
Finland,FIN,2003,17.151382,FI,61.92411,25.748151,Finland
Finland,FIN,2004,17.201233,FI,61.92411,25.748151,Finland
Finland,FIN,2005,17.260216,FI,61.92411,25.748151,Finland
Finland,FIN,2006,17.326607,FI,61.92411,25.748151,Finland
Finland,FIN,2007,17.400454,FI,61.92411,25.748151,Finland
Finland,FIN,2008,17.481602,FI,61.92411,25.748151,Finland
Finland,FIN,2009,17.565351,FI,61.92411,25.748151,Finland
Finland,FIN,2010,17.645847,FI,61.92411,25.748151,Finland
Finland,FIN,2011,17.727753,FI,61.92411,25.748151,Finland
Finland,FIN,2012,17.812283,FI,61.92411,25.748151,Finland
Finland,FIN,2013,17.894562,FI,61.92411,25.748151,Finland
Finland,FIN,2014,17.968796,FI,61.92411,25.748151,Finland
Finland,FIN,2015,18.028088,FI,61.92411,25.748151,Finland
Finland,FIN,2016,18.07994,FI,61.92411,25.748151,Finland
Finland,FIN,2017,18.122478,FI,61.92411,25.748151,Finland
Finland,FIN,2018,18.146559,FI,61.92411,25.748151,Finland
Finland,FIN,2019,18.166542,FI,61.92411,25.748151,Finland
Finland,FIN,2020,18.19263,FI,61.92411,25.748151,Finland
Finland,FIN,2021,18.214062,FI,61.92411,25.748151,Finland
Finland,FIN,2022,18.229733,FI,61.92411,25.748151,Finland
Finland,FIN,2023,18.245298,FI,61.92411,25.748151,Finland
France,FRA,2003,109.08135,FR,46.227638,2.213749,France
France,FRA,2004,109.775665,FR,46.227638,2.213749,France
France,FRA,2005,110.509186,FR,46.227638,2.213749,France
France,FRA,2006,111.25627,FR,46.227638,2.213749,France
France,FRA,2007,112.00547,FR,46.227638,2.213749,France
France,FRA,2008,112.720695,FR,46.227638,2.213749,France
France,FRA,2009,113.40061,FR,46.227638,2.213749,France
France,FRA,2010,114.04213,FR,46.227638,2.213749,France
France,FRA,2011,114.646095,FR,46.227638,2.213749,France
France,FRA,2012,115.186935,FR,46.227638,2.213749,France
France,FRA,2013,115.668655,FR,46.227638,2.213749,France
France,FRA,2014,116.13128,FR,46.227638,2.213749,France
France,FRA,2015,116.53539,FR,46.227638,2.213749,France
France,FRA,2016,116.863304,FR,46.227638,2.213749,France
France,FRA,2017,117.145966,FR,46.227638,2.213749,France
France,FRA,2018,117.390175,FR,46.227638,2.213749,France
France,FRA,2019,117.612885,FR,46.227638,2.213749,France
France,FRA,2020,117.75952,FR,46.227638,2.213749,France
France,FRA,2021,117.853386,FR,46.227638,2.213749,France
France,FRA,2022,118.02721,FR,46.227638,2.213749,France
France,FRA,2023,118.26456,FR,46.227638,2.213749,France
Georgia,GEO,2003,57.818764,GE,42.315407,43.356892,Georgia
Georgia,GEO,2004,57.401943,GE,42.315407,43.356892,Georgia
Georgia,GEO,2005,57.00364,GE,42.315407,43.356892,Georgia
Georgia,GEO,2006,56.610535,GE,42.315407,43.356892,Georgia
Georgia,GEO,2007,56.216377,GE,42.315407,43.356892,Georgia
Georgia,GEO,2008,55.83107,GE,42.315407,43.356892,Georgia
Georgia,GEO,2009,55.47853,GE,42.315407,43.356892,Georgia
Georgia,GEO,2010,55.214188,GE,42.315407,43.356892,Georgia
Georgia,GEO,2011,54.995926,GE,42.315407,43.356892,Georgia
Georgia,GEO,2012,54.74684,GE,42.315407,43.356892,Georgia
Georgia,GEO,2013,54.48302,GE,42.315407,43.356892,Georgia
Georgia,GEO,2014,54.313313,GE,42.315407,43.356892,Georgia
Georgia,GEO,2015,54.268745,GE,42.315407,43.356892,Georgia
Georgia,GEO,2016,54.268414,GE,42.315407,43.356892,Georgia
Georgia,GEO,2017,54.27981,GE,42.315407,43.356892,Georgia
Georgia,GEO,2018,54.28584,GE,42.315407,43.356892,Georgia
Georgia,GEO,2019,54.264126,GE,42.315407,43.356892,Georgia
Georgia,GEO,2020,54.19358,GE,42.315407,43.356892,Georgia
Georgia,GEO,2021,54.079494,GE,42.315407,43.356892,Georgia
Georgia,GEO,2022,53.883797,GE,42.315407,43.356892,Georgia
Georgia,GEO,2023,53.652008,GE,42.315407,43.356892,Georgia
Germany,DEU,2003,232.82523,DE,51.165691,10.451526,Germany
Germany,DEU,2004,232.59587,DE,51.165691,10.451526,Germany
Germany,DEU,2005,232.43988,DE,51.165691,10.451526,Germany
Germany,DEU,2006,232.34155,DE,51.165691,10.451526,Germany
Germany,DEU,2007,232.35878,DE,51.165691,10.451526,Germany
Germany,DEU,2008,232.45511,DE,51.165691,10.451526,Germany
Germany,DEU,2009,232.57857,DE,51.165691,10.451526,Germany
Germany,DEU,2010,232.76306,DE,51.165691,10.451526,Germany
Germany,DEU,2011,233.0444,DE,51.165691,10.451526,Germany
Germany,DEU,2012,233.3941,DE,51.165691,10.451526,Germany
Germany,DEU,2013,233.78056,DE,51.165691,10.451526,Germany
Germany,DEU,2014,234.2907,DE,51.165691,10.451526,Germany
Germany,DEU,2015,234.90436,DE,51.165691,10.451526,Germany
Germany,DEU,2016,235.64336,DE,51.165691,10.451526,Germany
Germany,DEU,2017,236.48178,DE,51.165691,10.451526,Germany
Germany,DEU,2018,237.26122,DE,51.165691,10.451526,Germany
Germany,DEU,2019,237.9809,DE,51.165691,10.451526,Germany
Germany,DEU,2020,238.4985,DE,51.165691,10.451526,Germany
Germany,DEU,2021,238.72624,DE,51.165691,10.451526,Germany
Germany,DEU,2022,238.61542,DE,51.165691,10.451526,Germany
Germany,DEU,2023,238.40016,DE,51.165691,10.451526,Germany
Greece,GRC,2003,86.19463,GR,39.074208,21.824312,Greece
Greece,GRC,2004,86.23032,GR,39.074208,21.824312,Greece
Greece,GRC,2005,86.21761,GR,39.074208,21.824312,Greece
Greece,GRC,2006,86.16057,GR,39.074208,21.824312,Greece
Greece,GRC,2007,86.04726,GR,39.074208,21.824312,Greece
Greece,GRC,2008,85.90862,GR,39.074208,21.824312,Greece
Greece,GRC,2009,85.76806,GR,39.074208,21.824312,Greece
Greece,GRC,2010,85.59956,GR,39.074208,21.824312,Greece
Greece,GRC,2011,85.37417,GR,39.074208,21.824312,Greece
Greece,GRC,2012,85.055336,GR,39.074208,21.824312,Greece
Greece,GRC,2013,84.67417,GR,39.074208,21.824312,Greece
Greece,GRC,2014,84.274414,GR,39.074208,21.824312,Greece
Greece,GRC,2015,83.837425,GR,39.074208,21.824312,Greece
Greece,GRC,2016,83.39598,GR,39.074208,21.824312,Greece
Greece,GRC,2017,82.94981,GR,39.074208,21.824312,Greece
Greece,GRC,2018,82.49244,GR,39.074208,21.824312,Greece
Greece,GRC,2019,82.03278,GR,39.074208,21.824312,Greece
Greece,GRC,2020,81.55339,GR,39.074208,21.824312,Greece
Greece,GRC,2021,81.03466,GR,39.074208,21.824312,Greece
Greece,GRC,2022,80.56612,GR,39.074208,21.824312,Greece
Greece,GRC,2023,80.22712,GR,39.074208,21.824312,Greece
Hungary,HUN,2003,110.8707,HU,47.162494,19.503304,Hungary
Hungary,HUN,2004,110.612526,HU,47.162494,19.503304,Hungary
Hungary,HUN,2005,110.38278,HU,47.162494,19.503304,Hungary
Hungary,HUN,2006,110.20231,HU,47.162494,19.503304,Hungary
Hungary,HUN,2007,110.028175,HU,47.162494,19.503304,Hungary
Hungary,HUN,2008,109.834625,HU,47.162494,19.503304,Hungary
Hungary,HUN,2009,109.67106,HU,47.162494,19.503304,Hungary
Hungary,HUN,2010,109.43274,HU,47.162494,19.503304,Hungary
Hungary,HUN,2011,109.06473,HU,47.162494,19.503304,Hungary
Hungary,HUN,2012,108.723785,HU,47.162494,19.503304,Hungary
Hungary,HUN,2013,108.42249,HU,47.162494,19.503304,Hungary
Hungary,HUN,2014,108.129585,HU,47.162494,19.503304,Hungary
Hungary,HUN,2015,107.87037,HU,47.162494,19.503304,Hungary
Hungary,HUN,2016,107.55102,HU,47.162494,19.503304,Hungary
Hungary,HUN,2017,107.2643,HU,47.162494,19.503304,Hungary
Hungary,HUN,2018,107.126465,HU,47.162494,19.503304,Hungary
Hungary,HUN,2019,107.07648,HU,47.162494,19.503304,Hungary
Hungary,HUN,2020,106.843864,HU,47.162494,19.503304,Hungary
Hungary,HUN,2021,106.396935,HU,47.162494,19.503304,Hungary
Hungary,HUN,2022,109.21876,HU,47.162494,19.503304,Hungary
Hungary,HUN,2023,111.28908,HU,47.162494,19.503304,Hungary
Iceland,ISL,2003,2.8742042,IS,64.963051,-19.020835,Iceland
Iceland,ISL,2004,2.8995736,IS,64.963051,-19.020835,Iceland
Iceland,ISL,2005,2.9459188,IS,64.963051,-19.020835,Iceland
Iceland,ISL,2006,3.0158286,IS,64.963051,-19.020835,Iceland
Iceland,ISL,2007,3.0929189,IS,64.963051,-19.020835,Iceland
Iceland,ISL,2008,3.151066,IS,64.963051,-19.020835,Iceland
Iceland,ISL,2009,3.1618466,IS,64.963051,-19.020835,Iceland
Iceland,ISL,2010,3.1572547,IS,64.963051,-19.020835,Iceland
Iceland,ISL,2011,3.1667955,IS,64.963051,-19.020835,Iceland
Iceland,ISL,2012,3.1834574,IS,64.963051,-19.020835,Iceland
Iceland,ISL,2013,3.2136865,IS,64.963051,-19.020835,Iceland
Iceland,ISL,2014,3.249529,IS,64.963051,-19.020835,Iceland
Iceland,ISL,2015,3.2834275,IS,64.963051,-19.020835,Iceland
Iceland,ISL,2016,3.329138,IS,64.963051,-19.020835,Iceland
Iceland,ISL,2017,3.4081225,IS,64.963051,-19.020835,Iceland
Iceland,ISL,2018,3.500456,IS,64.963051,-19.020835,Iceland
Iceland,ISL,2019,3.5781713,IS,64.963051,-19.020835,Iceland
Iceland,ISL,2020,3.636636,IS,64.963051,-19.020835,Iceland
Iceland,ISL,2021,3.672895,IS,64.963051,-19.020835,Iceland
Iceland,ISL,2022,3.6983337,IS,64.963051,-19.020835,Iceland
Iceland,ISL,2023,3.7223246,IS,64.963051,-19.020835,Iceland
Ireland,IRL,2003,57.46416,IE,53.41291,-8.24389,Ireland
Ireland,IRL,2004,58.527523,IE,53.41291,-8.24389,Ireland
Ireland,IRL,2005,59.823196,IE,53.41291,-8.24389,Ireland
Ireland,IRL,2006,61.472042,IE,53.41291,-8.24389,Ireland
Ireland,IRL,2007,63.286995,IE,53.41291,-8.24389,Ireland
Ireland,IRL,2008,64.63047,IE,53.41291,-8.24389,Ireland
Ireland,IRL,2009,65.31858,IE,53.41291,-8.24389,Ireland
Ireland,IRL,2010,65.678345,IE,53.41291,-8.24389,Ireland
Ireland,IRL,2011,65.967545,IE,53.41291,-8.24389,Ireland
Ireland,IRL,2012,66.25853,IE,53.41291,-8.24389,Ireland
Ireland,IRL,2013,66.61098,IE,53.41291,-8.24389,Ireland
Ireland,IRL,2014,67.094864,IE,53.41291,-8.24389,Ireland
Ireland,IRL,2015,67.72774,IE,53.41291,-8.24389,Ireland
Ireland,IRL,2016,68.453926,IE,53.41291,-8.24389,Ireland
Ireland,IRL,2017,69.267815,IE,53.41291,-8.24389,Ireland
Ireland,IRL,2018,70.17718,IE,53.41291,-8.24389,Ireland
Ireland,IRL,2019,71.07013,IE,53.41291,-8.24389,Ireland
Ireland,IRL,2020,71.7974,IE,53.41291,-8.24389,Ireland
Ireland,IRL,2021,72.38387,IE,53.41291,-8.24389,Ireland
Ireland,IRL,2022,72.91491,IE,53.41291,-8.24389,Ireland
Ireland,IRL,2023,73.405876,IE,53.41291,-8.24389,Ireland
Italy,ITA,2003,194.18964,IT,41.87194,12.56738,Italy
Italy,ITA,2004,195.6623,IT,41.87194,12.56738,Italy
Italy,ITA,2005,196.80937,IT,41.87194,12.56738,Italy
Italy,ITA,2006,197.58723,IT,41.87194,12.56738,Italy
Italy,ITA,2007,198.76598,IT,41.87194,12.56738,Italy
Italy,ITA,2008,200.27333,IT,41.87194,12.56738,Italy
Italy,ITA,2009,201.4184,IT,41.87194,12.56738,Italy
Italy,ITA,2010,202.2963,IT,41.87194,12.56738,Italy
Italy,ITA,2011,202.98445,IT,41.87194,12.56738,Italy
Italy,ITA,2012,203.5397,IT,41.87194,12.56738,Italy
Italy,ITA,2013,203.95378,IT,41.87194,12.56738,Italy
Italy,ITA,2014,203.98825,IT,41.87194,12.56738,Italy
Italy,ITA,2015,203.6843,IT,41.87194,12.56738,Italy
Italy,ITA,2016,203.29784,IT,41.87194,12.56738,Italy
Italy,ITA,2017,202.9103,IT,41.87194,12.56738,Italy
Italy,ITA,2018,202.48221,IT,41.87194,12.56738,Italy
Italy,ITA,2019,201.97667,IT,41.87194,12.56738,Italy
Italy,ITA,2020,201.20782,IT,41.87194,12.56738,Italy
Italy,ITA,2021,200.3278,IT,41.87194,12.56738,Italy
Italy,ITA,2022,199.6418,IT,41.87194,12.56738,Italy
Italy,ITA,2023,199.07805,IT,41.87194,12.56738,Italy
Latvia,LVA,2003,36.868744,LV,56.879635,24.603189,Latvia
Latvia,LVA,2004,36.372375,LV,56.879635,24.603189,Latvia
Latvia,LVA,2005,35.885666,LV,56.879635,24.603189,Latvia
Latvia,LVA,2006,35.41567,LV,56.879635,24.603189,Latvia
Latvia,LVA,2007,34.968006,LV,56.879635,24.603189,Latvia
Latvia,LVA,2008,34.55586,LV,56.879635,24.603189,Latvia
Latvia,LVA,2009,34.167892,LV,56.879635,24.603189,Latvia
Latvia,LVA,2010,33.77048,LV,56.879635,24.603189,Latvia
Latvia,LVA,2011,33.375767,LV,56.879635,24.603189,Latvia
Latvia,LVA,2012,33.000725,LV,56.879635,24.603189,Latvia
Latvia,LVA,2013,32.644882,LV,56.879635,24.603189,Latvia
Latvia,LVA,2014,32.316246,LV,56.879635,24.603189,Latvia
Latvia,LVA,2015,32.0095,LV,56.879635,24.603189,Latvia
Latvia,LVA,2016,31.712631,LV,56.879635,24.603189,Latvia
Latvia,LVA,2017,31.413483,LV,56.879635,24.603189,Latvia
Latvia,LVA,2018,31.104483,LV,56.879635,24.603189,Latvia
Latvia,LVA,2019,30.797878,LV,56.879635,24.603189,Latvia
Latvia,LVA,2020,30.484606,LV,56.879635,24.603189,Latvia
Latvia,LVA,2021,30.112904,LV,56.879635,24.603189,Latvia
Latvia,LVA,2022,29.738935,LV,56.879635,24.603189,Latvia
Latvia,LVA,2023,29.410477,LV,56.879635,24.603189,Latvia
Liechtenstein,LIE,2003,212.64375,LI,47.166,9.555373,Liechtenstein
Liechtenstein,LIE,2004,214.5375,LI,47.166,9.555373,Liechtenstein
Liechtenstein,LIE,2005,216.41875,LI,47.166,9.555373,Liechtenstein
Liechtenstein,LIE,2006,218.2125,LI,47.166,9.555373,Liechtenstein
Liechtenstein,LIE,2007,219.875,LI,47.166,9.555373,Liechtenstein
Liechtenstein,LIE,2008,221.40625,LI,47.166,9.555373,Liechtenstein
Liechtenstein,LIE,2009,223.11874,LI,47.166,9.555373,Liechtenstein
Liechtenstein,LIE,2010,224.675,LI,47.166,9.555373,Liechtenstein
Liechtenstein,LIE,2011,226.33125,LI,47.166,9.555373,Liechtenstein
Liechtenstein,LIE,2012,228.2875,LI,47.166,9.555373,Liechtenstein
Liechtenstein,LIE,2013,230.225,LI,47.166,9.555373,Liechtenstein
Liechtenstein,LIE,2014,232,LI,47.166,9.555373,Liechtenstein
Liechtenstein,LIE,2015,233.6125,LI,47.166,9.555373,Liechtenstein
Liechtenstein,LIE,2016,235.1875,LI,47.166,9.555373,Liechtenstein
Liechtenstein,LIE,2017,236.975,LI,47.166,9.555373,Liechtenstein
Liechtenstein,LIE,2018,238.78125,LI,47.166,9.555373,Liechtenstein
Liechtenstein,LIE,2019,240.625,LI,47.166,9.555373,Liechtenstein
Liechtenstein,LIE,2020,242.39375,LI,47.166,9.555373,Liechtenstein
Liechtenstein,LIE,2021,244.1125,LI,47.166,9.555373,Liechtenstein
Liechtenstein,LIE,2022,245.96875,LI,47.166,9.555373,Liechtenstein
Liechtenstein,LIE,2023,247.5875,LI,47.166,9.555373,Liechtenstein
Lithuania,LTU,2003,55.408543,LT,55.169438,23.881275,Lithuania
Lithuania,LTU,2004,54.656548,LT,55.169438,23.881275,Lithuania
Lithuania,LTU,2005,53.87314,LT,55.169438,23.881275,Lithuania
Lithuania,LTU,2006,53.065105,LT,55.169438,23.881275,Lithuania
Lithuania,LTU,2007,52.25832,LT,55.169438,23.881275,Lithuania
Lithuania,LTU,2008,51.49128,LT,55.169438,23.881275,Lithuania
Lithuania,LTU,2009,50.790195,LT,55.169438,23.881275,Lithuania
Lithuania,LTU,2010,50.12809,LT,55.169438,23.881275,Lithuania
Lithuania,LTU,2011,49.501755,LT,55.169438,23.881275,Lithuania
Lithuania,LTU,2012,48.919514,LT,55.169438,23.881275,Lithuania
Lithuania,LTU,2013,48.358208,LT,55.169438,23.881275,Lithuania
Lithuania,LTU,2014,47.82702,LT,55.169438,23.881275,Lithuania
Lithuania,LTU,2015,47.329353,LT,55.169438,23.881275,Lithuania
Lithuania,LTU,2016,46.848866,LT,55.169438,23.881275,Lithuania
Lithuania,LTU,2017,46.38218,LT,55.169438,23.881275,Lithuania
Lithuania,LTU,2018,45.929863,LT,55.169438,23.881275,Lithuania
Lithuania,LTU,2019,45.49797,LT,55.169438,23.881275,Lithuania
Lithuania,LTU,2020,45.03783,LT,55.169438,23.881275,Lithuania
Lithuania,LTU,2021,44.50099,LT,55.169438,23.881275,Lithuania
Lithuania,LTU,2022,43.916607,LT,55.169438,23.881275,Lithuania
Lithuania,LTU,2023,43.410286,LT,55.169438,23.881275,Lithuania
Luxembourg,LUX,2003,175.3187,LU,49.815273,6.129583,Luxembourg
Luxembourg,LUX,2004,177.8229,LU,49.815273,6.129583,Luxembourg
Luxembourg,LUX,2005,180.5691,LU,49.815273,6.129583,Luxembourg
Luxembourg,LUX,2006,183.49556,LU,49.815273,6.129583,Luxembourg
Luxembourg,LUX,2007,186.39908,LU,49.815273,6.129583,Luxembourg
Luxembourg,LUX,2008,189.80406,LU,49.815273,6.129583,Luxembourg
Luxembourg,LUX,2009,193.39044,LU,49.815273,6.129583,Luxembourg
Luxembourg,LUX,2010,196.96362,LU,49.815273,6.129583,Luxembourg
Luxembourg,LUX,2011,201.28763,LU,49.815273,6.129583,Luxembourg
Luxembourg,LUX,2012,206.0999,LU,49.815273,6.129583,Luxembourg
Luxembourg,LUX,2013,210.94441,LU,49.815273,6.129583,Luxembourg
Luxembourg,LUX,2014,215.99673,LU,49.815273,6.129583,Luxembourg
Luxembourg,LUX,2015,221.1784,LU,49.815273,6.129583,Luxembourg
Luxembourg,LUX,2016,226.59312,LU,49.815273,6.129583,Luxembourg
Luxembourg,LUX,2017,231.6175,LU,49.815273,6.129583,Luxembourg
Luxembourg,LUX,2018,236.13493,LU,49.815273,6.129583,Luxembourg
Luxembourg,LUX,2019,240.81981,LU,49.815273,6.129583,Luxembourg
Luxembourg,LUX,2020,244.86725,LU,49.815273,6.129583,Luxembourg
Luxembourg,LUX,2021,248.33556,LU,49.815273,6.129583,Luxembourg
Luxembourg,LUX,2022,251.54826,LU,49.815273,6.129583,Luxembourg
Luxembourg,LUX,2023,254.33331,LU,49.815273,6.129583,Luxembourg
Malta,MLT,2003,1271.6438,MT,35.937496,14.375416,Malta
Malta,MLT,2004,1277.5156,MT,35.937496,14.375416,Malta
Malta,MLT,2005,1281.9281,MT,35.937496,14.375416,Malta
Malta,MLT,2006,1285.0125,MT,35.937496,14.375416,Malta
Malta,MLT,2007,1287.7844,MT,35.937496,14.375416,Malta
Malta,MLT,2008,1291.8969,MT,35.937496,14.375416,Malta
Malta,MLT,2009,1298.4656,MT,35.937496,14.375416,Malta
Malta,MLT,2010,1308.6188,MT,35.937496,14.375416,Malta
Malta,MLT,2011,1323.6781,MT,35.937496,14.375416,Malta
Malta,MLT,2012,1343.475,MT,35.937496,14.375416,Malta
Malta,MLT,2013,1367.2844,MT,35.937496,14.375416,Malta
Malta,MLT,2014,1395.1531,MT,35.937496,14.375416,Malta
Malta,MLT,2015,1426.8281,MT,35.937496,14.375416,Malta
Malta,MLT,2016,1461.6156,MT,35.937496,14.375416,Malta
Malta,MLT,2017,1498.4594,MT,35.937496,14.375416,Malta
Malta,MLT,2018,1536.2188,MT,35.937496,14.375416,Malta
Malta,MLT,2019,1573.8938,MT,35.937496,14.375416,Malta
Malta,MLT,2020,1610.5125,MT,35.937496,14.375416,Malta
Malta,MLT,2021,1646.0969,MT,35.937496,14.375416,Malta
Malta,MLT,2022,1666.5406,MT,35.937496,14.375416,Malta
Malta,MLT,2023,1672.1062,MT,35.937496,14.375416,Malta
Moldova,MDA,2003,124.49548,MD,47.411631,28.369885,Moldova
Moldova,MDA,2004,123.06667,MD,47.411631,28.369885,Moldova
Moldova,MDA,2005,121.67946,MD,47.411631,28.369885,Moldova
Moldova,MDA,2006,119.89649,MD,47.411631,28.369885,Moldova
Moldova,MDA,2007,117.89249,MD,47.411631,28.369885,Moldova
Moldova,MDA,2008,115.933304,MD,47.411631,28.369885,Moldova
Moldova,MDA,2009,114.01982,MD,47.411631,28.369885,Moldova
Moldova,MDA,2010,111.85133,MD,47.411631,28.369885,Moldova
Moldova,MDA,2011,109.3258,MD,47.411631,28.369885,Moldova
Moldova,MDA,2012,106.651665,MD,47.411631,28.369885,Moldova
Moldova,MDA,2013,103.8946,MD,47.411631,28.369885,Moldova
Moldova,MDA,2014,101.51677,MD,47.411631,28.369885,Moldova
Moldova,MDA,2015,99.663376,MD,47.411631,28.369885,Moldova
Moldova,MDA,2016,98.07403,MD,47.411631,28.369885,Moldova
Moldova,MDA,2017,96.71747,MD,47.411631,28.369885,Moldova
Moldova,MDA,2018,95.54135,MD,47.411631,28.369885,Moldova
Moldova,MDA,2019,94.55782,MD,47.411631,28.369885,Moldova
Moldova,MDA,2020,93.8083,MD,47.411631,28.369885,Moldova
Moldova,MDA,2021,93.09857,MD,47.411631,28.369885,Moldova
Moldova,MDA,2022,99.52966,MD,47.411631,28.369885,Moldova
Moldova,MDA,2023,104.48463,MD,47.411631,28.369885,Moldova
Monaco,MCO,2003,15957.573,MC,43.750298,7.412841,Monaco
Monaco,MCO,2004,15914.159,MC,43.750298,7.412841,Monaco
Monaco,MCO,2005,15866.799,MC,43.750298,7.412841,Monaco
Monaco,MCO,2006,15799.704,MC,43.750298,7.412841,Monaco
Monaco,MCO,2007,15708.437,MC,43.750298,7.412841,Monaco
Monaco,MCO,2008,15732.117,MC,43.750298,7.412841,Monaco
Monaco,MCO,2009,15998.027,MC,43.750298,7.412841,Monaco
Monaco,MCO,2010,16380.365,MC,43.750298,7.412841,Monaco
Monaco,MCO,2011,16759.25,MC,43.750298,7.412841,Monaco
Monaco,MCO,2012,17130.242,MC,43.750298,7.412841,Monaco
Monaco,MCO,2013,17488.406,MC,43.750298,7.412841,Monaco
Monaco,MCO,2014,17825.852,MC,43.750298,7.412841,Monaco
Monaco,MCO,2015,18145.535,MC,43.750298,7.412841,Monaco
Monaco,MCO,2016,18297.979,MC,43.750298,7.412841,Monaco
Monaco,MCO,2017,18287.617,MC,43.750298,7.412841,Monaco
Monaco,MCO,2018,18278.244,MC,43.750298,7.412841,Monaco
Monaco,MCO,2019,18282.684,MC,43.750298,7.412841,Monaco
Monaco,MCO,2020,18225.457,MC,43.750298,7.412841,Monaco
Monaco,MCO,2021,18111.988,MC,43.750298,7.412841,Monaco
Monaco,MCO,2022,18002.467,MC,43.750298,7.412841,Monaco
Monaco,MCO,2023,17919.092,MC,43.750298,7.412841,Monaco
Montenegro,MNE,2003,47.015316,ME,42.708678,19.37439,Montenegro
Montenegro,MNE,2004,47.02974,ME,42.708678,19.37439,Montenegro
Montenegro,MNE,2005,47.054646,ME,42.708678,19.37439,Montenegro
Montenegro,MNE,2006,47.029816,ME,42.708678,19.37439,Montenegro
Montenegro,MNE,2007,46.98372,ME,42.708678,19.37439,Montenegro
Montenegro,MNE,2008,46.949814,ME,42.708678,19.37439,Montenegro
Montenegro,MNE,2009,46.928402,ME,42.708678,19.37439,Montenegro
Montenegro,MNE,2010,46.918068,ME,42.708678,19.37439,Montenegro
Montenegro,MNE,2011,46.974052,ME,42.708678,19.37439,Montenegro
Montenegro,MNE,2012,47.06714,ME,42.708678,19.37439,Montenegro
Montenegro,MNE,2013,47.133904,ME,42.708678,19.37439,Montenegro
Montenegro,MNE,2014,47.159927,ME,42.708678,19.37439,Montenegro
Montenegro,MNE,2015,47.135242,ME,42.708678,19.37439,Montenegro
Montenegro,MNE,2016,47.082825,ME,42.708678,19.37439,Montenegro
Montenegro,MNE,2017,47.021935,ME,42.708678,19.37439,Montenegro
Montenegro,MNE,2018,46.948624,ME,42.708678,19.37439,Montenegro
Montenegro,MNE,2019,46.870113,ME,42.708678,19.37439,Montenegro
Montenegro,MNE,2020,46.77011,ME,42.708678,19.37439,Montenegro
Montenegro,MNE,2021,46.680744,ME,42.708678,19.37439,Montenegro
Montenegro,MNE,2022,46.623196,ME,42.708678,19.37439,Montenegro
Montenegro,MNE,2023,46.578884,ME,42.708678,19.37439,Montenegro
Norway,NOR,2003,12.531856,NO,60.472024,8.468946,Norway
Norway,NOR,2004,12.606295,NO,60.472024,8.468946,Norway
Norway,NOR,2005,12.69251,NO,60.472024,8.468946,Norway
Norway,NOR,2006,12.79515,NO,60.472024,8.468946,Norway
Norway,NOR,2007,12.928289,NO,60.472024,8.468946,Norway
Norway,NOR,2008,13.090448,NO,60.472024,8.468946,Norway
Norway,NOR,2009,13.2566395,NO,60.472024,8.468946,Norway
Norway,NOR,2010,13.422861,NO,60.472024,8.468946,Norway
Norway,NOR,2011,13.598048,NO,60.472024,8.468946,Norway
Norway,NOR,2012,13.777833,NO,60.472024,8.468946,Norway
Norway,NOR,2013,13.946957,NO,60.472024,8.468946,Norway
Norway,NOR,2014,14.104138,NO,60.472024,8.468946,Norway
Norway,NOR,2015,14.248067,NO,60.472024,8.468946,Norway
Norway,NOR,2016,14.374984,NO,60.472024,8.468946,Norway
Norway,NOR,2017,14.486998,NO,60.472024,8.468946,Norway
Norway,NOR,2018,14.5828705,NO,60.472024,8.468946,Norway
Norway,NOR,2019,14.681596,NO,60.472024,8.468946,Norway
Norway,NOR,2020,14.768207,NO,60.472024,8.468946,Norway
Norway,NOR,2021,14.831851,NO,60.472024,8.468946,Norway
Norway,NOR,2022,14.917782,NO,60.472024,8.468946,Norway
Norway,NOR,2023,15.027693,NO,60.472024,8.468946,Norway
Poland,POL,2003,126.160576,PL,51.919438,19.145136,Poland
Poland,POL,2004,126.077286,PL,51.919438,19.145136,Poland
Poland,POL,2005,126.011536,PL,51.919438,19.145136,Poland
Poland,POL,2006,125.91768,PL,51.919438,19.145136,Poland
Poland,POL,2007,125.835,PL,51.919438,19.145136,Poland
Poland,POL,2008,125.83832,PL,51.919438,19.145136,Poland
Poland,POL,2009,125.94417,PL,51.919438,19.145136,Poland
Poland,POL,2010,126.08159,PL,51.919438,19.145136,Poland
Poland,POL,2011,126.158325,PL,51.919438,19.145136,Poland
Poland,POL,2012,126.174736,PL,51.919438,19.145136,Poland
Poland,POL,2013,126.11424,PL,51.919438,19.145136,Poland
Poland,POL,2014,126.03104,PL,51.919438,19.145136,Poland
Poland,POL,2015,125.93718,PL,51.919438,19.145136,Poland
Poland,POL,2016,125.86845,PL,51.919438,19.145136,Poland
Poland,POL,2017,125.87076,PL,51.919438,19.145136,Poland
Poland,POL,2018,125.83368,PL,51.919438,19.145136,Poland
Poland,POL,2019,125.74266,PL,51.919438,19.145136,Poland
Poland,POL,2020,125.52957,PL,51.919438,19.145136,Poland
Poland,POL,2021,125.135475,PL,51.919438,19.145136,Poland
Poland,POL,2022,130.1968,PL,51.919438,19.145136,Poland
Poland,POL,2023,134.01518,PL,51.919438,19.145136,Poland
Portugal,PRT,2003,114.33083,PT,39.399872,-8.224454,Portugal
Portugal,PRT,2004,114.638435,PT,39.399872,-8.224454,Portugal
Portugal,PRT,2005,114.87631,PT,39.399872,-8.224454,Portugal
Portugal,PRT,2006,115.10154,PT,39.399872,-8.224454,Portugal
Portugal,PRT,2007,115.33735,PT,39.399872,-8.224454,Portugal
Portugal,PRT,2008,115.50563,PT,39.399872,-8.224454,Portugal
Portugal,PRT,2009,115.61892,PT,39.399872,-8.224454,Portugal
Portugal,PRT,2010,115.58683,PT,39.399872,-8.224454,Portugal
Portugal,PRT,2011,115.32941,PT,39.399872,-8.224454,Portugal
Portugal,PRT,2012,114.8629,PT,39.399872,-8.224454,Portugal
Portugal,PRT,2013,114.23469,PT,39.399872,-8.224454,Portugal
Portugal,PRT,2014,113.62164,PT,39.399872,-8.224454,Portugal
Portugal,PRT,2015,113.15286,PT,39.399872,-8.224454,Portugal
Portugal,PRT,2016,112.79606,PT,39.399872,-8.224454,Portugal
Portugal,PRT,2017,112.52071,PT,39.399872,-8.224454,Portugal
Portugal,PRT,2018,112.32755,PT,39.399872,-8.224454,Portugal
Portugal,PRT,2019,112.328514,PT,39.399872,-8.224454,Portugal
Portugal,PRT,2020,112.41874,PT,39.399872,-8.224454,Portugal
Portugal,PRT,2021,112.33057,PT,39.399872,-8.224454,Portugal
Portugal,PRT,2022,112.12041,PT,39.399872,-8.224454,Portugal
Portugal,PRT,2023,111.8666,PT,39.399872,-8.224454,Portugal
Romania,ROU,2003,93.36458,RO,45.943161,24.96676,Romania
Romania,ROU,2004,92.52995,RO,45.943161,24.96676,Romania
Romania,ROU,2005,91.67361,RO,45.943161,24.96676,Romania
Romania,ROU,2006,90.87885,RO,45.943161,24.96676,Romania
Romania,ROU,2007,90.16093,RO,45.943161,24.96676,Romania
Romania,ROU,2008,89.52328,RO,45.943161,24.96676,Romania
Romania,ROU,2009,88.95305,RO,45.943161,24.96676,Romania
Romania,ROU,2010,88.383224,RO,45.943161,24.96676,Romania
Romania,ROU,2011,87.88372,RO,45.943161,24.96676,Romania
Romania,ROU,2012,87.52222,RO,45.943161,24.96676,Romania
Romania,ROU,2013,87.21553,RO,45.943161,24.96676,Romania
Romania,ROU,2014,86.90819,RO,45.943161,24.96676,Romania
Romania,ROU,2015,86.518074,RO,45.943161,24.96676,Romania
Romania,ROU,2016,86.04755,RO,45.943161,24.96676,Romania
Romania,ROU,2017,85.6174,RO,45.943161,24.96676,Romania
Romania,ROU,2018,85.21722,RO,45.943161,24.96676,Romania
Romania,ROU,2019,84.85836,RO,45.943161,24.96676,Romania
Romania,ROU,2020,84.50122,RO,45.943161,24.96676,Romania
Romania,ROU,2021,84.00799,RO,45.943161,24.96676,Romania
Romania,ROU,2022,85.445366,RO,45.943161,24.96676,Romania
Romania,ROU,2023,86.4604,RO,45.943161,24.96676,Romania
Russia,RUS,2003,8.8506975,RU,61.52401,105.318756,Russia
Russia,RUS,2004,8.814484,RU,61.52401,105.318756,Russia
Russia,RUS,2005,8.78068,RU,61.52401,105.318756,Russia
Russia,RUS,2006,8.752507,RU,61.52401,105.318756,Russia
Russia,RUS,2007,8.739013,RU,61.52401,105.318756,Russia
Russia,RUS,2008,8.737112,RU,61.52401,105.318756,Russia
Russia,RUS,2009,8.74182,RU,61.52401,105.318756,Russia
Russia,RUS,2010,8.74664,RU,61.52401,105.318756,Russia
Russia,RUS,2011,8.7540865,RU,61.52401,105.318756,Russia
Russia,RUS,2012,8.770257,RU,61.52401,105.318756,Russia
Russia,RUS,2013,8.790255,RU,61.52401,105.318756,Russia
Russia,RUS,2014,8.810296,RU,61.52401,105.318756,Russia
Russia,RUS,2015,8.833702,RU,61.52401,105.318756,Russia
Russia,RUS,2016,8.860616,RU,61.52401,105.318756,Russia
Russia,RUS,2017,8.881584,RU,61.52401,105.318756,Russia
Russia,RUS,2018,8.893781,RU,61.52401,105.318756,Russia
Russia,RUS,2019,8.899276,RU,61.52401,105.318756,Russia
Russia,RUS,2020,8.891645,RU,61.52401,105.318756,Russia
Russia,RUS,2021,8.860225,RU,61.52401,105.318756,Russia
Russia,RUS,2022,8.836445,RU,61.52401,105.318756,Russia
Russia,RUS,2023,8.820023,RU,61.52401,105.318756,Russia
San Marino,SMR,2003,477.11667,SM,43.94236,12.457777,San Marino
San Marino,SMR,2004,485.38333,SM,43.94236,12.457777,San Marino
San Marino,SMR,2005,492.16666,SM,43.94236,12.457777,San Marino
San Marino,SMR,2006,499.71667,SM,43.94236,12.457777,San Marino
San Marino,SMR,2007,506.58334,SM,43.94236,12.457777,San Marino
San Marino,SMR,2008,512.15,SM,43.94236,12.457777,San Marino
San Marino,SMR,2009,518,SM,43.94236,12.457777,San Marino
San Marino,SMR,2010,527.18335,SM,43.94236,12.457777,San Marino
San Marino,SMR,2011,541.9667,SM,43.94236,12.457777,San Marino
San Marino,SMR,2012,552.6,SM,43.94236,12.457777,San Marino
San Marino,SMR,2013,555.11664,SM,43.94236,12.457777,San Marino
San Marino,SMR,2014,556.9167,SM,43.94236,12.457777,San Marino
San Marino,SMR,2015,559.88336,SM,43.94236,12.457777,San Marino
San Marino,SMR,2016,564.3333,SM,43.94236,12.457777,San Marino
San Marino,SMR,2017,568.01666,SM,43.94236,12.457777,San Marino
San Marino,SMR,2018,569.65,SM,43.94236,12.457777,San Marino
San Marino,SMR,2019,570.05,SM,43.94236,12.457777,San Marino
San Marino,SMR,2020,567.3,SM,43.94236,12.457777,San Marino
San Marino,SMR,2021,562.86664,SM,43.94236,12.457777,San Marino
San Marino,SMR,2022,561.5,SM,43.94236,12.457777,San Marino
San Marino,SMR,2023,561.1,SM,43.94236,12.457777,San Marino
Serbia,SRB,2003,90.18369,RS,44.016521,21.005859,Serbia
Serbia,SRB,2004,89.908516,RS,44.016521,21.005859,Serbia
Serbia,SRB,2005,89.53744,RS,44.016521,21.005859,Serbia
Serbia,SRB,2006,89.12408,RS,44.016521,21.005859,Serbia
Serbia,SRB,2007,88.705475,RS,44.016521,21.005859,Serbia
Serbia,SRB,2008,88.30095,RS,44.016521,21.005859,Serbia
Serbia,SRB,2009,87.903465,RS,44.016521,21.005859,Serbia
Serbia,SRB,2010,87.51142,RS,44.016521,21.005859,Serbia
Serbia,SRB,2011,87.136116,RS,44.016521,21.005859,Serbia
Serbia,SRB,2012,86.79804,RS,44.016521,21.005859,Serbia
Serbia,SRB,2013,86.51582,RS,44.016521,21.005859,Serbia
Serbia,SRB,2014,86.25617,RS,44.016521,21.005859,Serbia
Serbia,SRB,2015,85.976456,RS,44.016521,21.005859,Serbia
Serbia,SRB,2016,85.67674,RS,44.016521,21.005859,Serbia
Serbia,SRB,2017,85.35195,RS,44.016521,21.005859,Serbia
Serbia,SRB,2018,84.99686,RS,44.016521,21.005859,Serbia
Serbia,SRB,2019,84.622185,RS,44.016521,21.005859,Serbia
Serbia,SRB,2020,84.130005,RS,44.016521,21.005859,Serbia
Serbia,SRB,2021,83.42981,RS,44.016521,21.005859,Serbia
Serbia,SRB,2022,82.567635,RS,44.016521,21.005859,Serbia
Serbia,SRB,2023,81.74106,RS,44.016521,21.005859,Serbia
Slovakia,SVK,2003,111.77997,SK,48.669026,19.699024,Slovakia
Slovakia,SVK,2004,111.79143,SK,48.669026,19.699024,Slovakia
Slovakia,SVK,2005,111.81886,SK,48.669026,19.699024,Slovakia
Slovakia,SVK,2006,111.83942,SK,48.669026,19.699024,Slovakia
Slovakia,SVK,2007,111.86317,SK,48.669026,19.699024,Slovakia
Slovakia,SVK,2008,111.93097,SK,48.669026,19.699024,Slovakia
Slovakia,SVK,2009,112.08266,SK,48.669026,19.699024,Slovakia
Slovakia,SVK,2010,112.23852,SK,48.669026,19.699024,Slovakia
Slovakia,SVK,2011,112.368675,SK,48.669026,19.699024,Slovakia
Slovakia,SVK,2012,112.50588,SK,48.669026,19.699024,Slovakia
Slovakia,SVK,2013,112.61947,SK,48.669026,19.699024,Slovakia
Slovakia,SVK,2014,112.71989,SK,48.669026,19.699024,Slovakia
Slovakia,SVK,2015,112.82132,SK,48.669026,19.699024,Slovakia
Slovakia,SVK,2016,112.96184,SK,48.669026,19.699024,Slovakia
Slovakia,SVK,2017,113.13265,SK,48.669026,19.699024,Slovakia
Slovakia,SVK,2018,113.285065,SK,48.669026,19.699024,Slovakia
Slovakia,SVK,2019,113.434525,SK,48.669026,19.699024,Slovakia
Slovakia,SVK,2020,113.4917,SK,48.669026,19.699024,Slovakia
Slovakia,SVK,2021,113.30327,SK,48.669026,19.699024,Slovakia
Slovakia,SVK,2022,117.37635,SK,48.669026,19.699024,Slovakia
Slovakia,SVK,2023,120.53257,SK,48.669026,19.699024,Slovakia
Slovenia,SVN,2003,98.79685,SI,46.151241,14.995463,Slovenia
Slovenia,SVN,2004,99.16028,SI,46.151241,14.995463,Slovenia
Slovenia,SVN,2005,99.56,SI,46.151241,14.995463,Slovenia
Slovenia,SVN,2006,99.99687,SI,46.151241,14.995463,Slovenia
Slovenia,SVN,2007,100.47625,SI,46.151241,14.995463,Slovenia
Slovenia,SVN,2008,101.01294,SI,46.151241,14.995463,Slovenia
Slovenia,SVN,2009,101.58608,SI,46.151241,14.995463,Slovenia
Slovenia,SVN,2010,102.167915,SI,46.151241,14.995463,Slovenia
Slovenia,SVN,2011,102.573296,SI,46.151241,14.995463,Slovenia
Slovenia,SVN,2012,102.76737,SI,46.151241,14.995463,Slovenia
Slovenia,SVN,2013,102.91681,SI,46.151241,14.995463,Slovenia
Slovenia,SVN,2014,103.04339,SI,46.151241,14.995463,Slovenia
Slovenia,SVN,2015,103.33848,SI,46.151241,14.995463,Slovenia
Slovenia,SVN,2016,103.79313,SI,46.151241,14.995463,Slovenia
Slovenia,SVN,2017,104.20909,SI,46.151241,14.995463,Slovenia
Slovenia,SVN,2018,104.58329,SI,46.151241,14.995463,Slovenia
Slovenia,SVN,2019,104.92963,SI,46.151241,14.995463,Slovenia
Slovenia,SVN,2020,105.16517,SI,46.151241,14.995463,Slovenia
Slovenia,SVN,2021,105.25258,SI,46.151241,14.995463,Slovenia
Slovenia,SVN,2022,105.27418,SI,46.151241,14.995463,Slovenia
Slovenia,SVN,2023,105.266136,SI,46.151241,14.995463,Slovenia
Spain,ESP,2003,84.5355,ES,40.463667,-3.74922,Spain
Spain,ESP,2004,85.9956,ES,40.463667,-3.74922,Spain
Spain,ESP,2005,87.44829,ES,40.463667,-3.74922,Spain
Spain,ESP,2006,88.9245,ES,40.463667,-3.74922,Spain
Spain,ESP,2007,90.571884,ES,40.463667,-3.74922,Spain
Spain,ESP,2008,92.01468,ES,40.463667,-3.74922,Spain
Spain,ESP,2009,92.81785,ES,40.463667,-3.74922,Spain
Spain,ESP,2010,93.228226,ES,40.463667,-3.74922,Spain
Spain,ESP,2011,93.54141,ES,40.463667,-3.74922,Spain
Spain,ESP,2012,93.59516,ES,40.463667,-3.74922,Spain
Spain,ESP,2013,93.28964,ES,40.463667,-3.74922,Spain
Spain,ESP,2014,93.01157,ES,40.463667,-3.74922,Spain
Spain,ESP,2015,92.94511,ES,40.463667,-3.74922,Spain
Spain,ESP,2016,93.02914,ES,40.463667,-3.74922,Spain
Spain,ESP,2017,93.25103,ES,40.463667,-3.74922,Spain
Spain,ESP,2018,93.667145,ES,40.463667,-3.74922,Spain
Spain,ESP,2019,94.346405,ES,40.463667,-3.74922,Spain
Spain,ESP,2020,94.81169,ES,40.463667,-3.74922,Spain
Spain,ESP,2021,95.05816,ES,40.463667,-3.74922,Spain
Spain,ESP,2022,95.20168,ES,40.463667,-3.74922,Spain
Spain,ESP,2023,95.123604,ES,40.463667,-3.74922,Spain
Sweden,SWE,2003,22.003117,SE,60.128161,18.643501,Sweden
Sweden,SWE,2004,22.108097,SE,60.128161,18.643501,Sweden
Sweden,SWE,2005,22.224665,SE,60.128161,18.643501,Sweden
Sweden,SWE,2006,22.354757,SE,60.128161,18.643501,Sweden
Sweden,SWE,2007,22.50097,SE,60.128161,18.643501,Sweden
Sweden,SWE,2008,22.660583,SE,60.128161,18.643501,Sweden
Sweden,SWE,2009,22.837687,SE,60.128161,18.643501,Sweden
Sweden,SWE,2010,23.034868,SE,60.128161,18.643501,Sweden
Sweden,SWE,2011,23.245193,SE,60.128161,18.643501,Sweden
Sweden,SWE,2012,23.462732,SE,60.128161,18.643501,Sweden
Sweden,SWE,2013,23.690954,SE,60.128161,18.643501,Sweden
Sweden,SWE,2014,23.932978,SE,60.128161,18.643501,Sweden
Sweden,SWE,2015,24.183018,SE,60.128161,18.643501,Sweden
Sweden,SWE,2016,24.438314,SE,60.128161,18.643501,Sweden
Sweden,SWE,2017,24.695797,SE,60.128161,18.643501,Sweden
Sweden,SWE,2018,24.951416,SE,60.128161,18.643501,Sweden
Sweden,SWE,2019,25.210749,SE,60.128161,18.643501,Sweden
Sweden,SWE,2020,25.458847,SE,60.128161,18.643501,Sweden
Sweden,SWE,2021,25.699778,SE,60.128161,18.643501,Sweden
Sweden,SWE,2022,25.901733,SE,60.128161,18.643501,Sweden
Sweden,SWE,2023,26.055775,SE,60.128161,18.643501,Sweden
Switzerland,CHE,2003,185.5128,CH,46.818188,8.227512,Switzerland
Switzerland,CHE,2004,186.78885,CH,46.818188,8.227512,Switzerland
Switzerland,CHE,2005,187.98541,CH,46.818188,8.227512,Switzerland
Switzerland,CHE,2006,189.16411,CH,46.818188,8.227512,Switzerland
Switzerland,CHE,2007,190.85696,CH,46.818188,8.227512,Switzerland
Switzerland,CHE,2008,193.29594,CH,46.818188,8.227512,Switzerland
Switzerland,CHE,2009,195.72823,CH,46.818188,8.227512,Switzerland
Switzerland,CHE,2010,197.95624,CH,46.818188,8.227512,Switzerland
Switzerland,CHE,2011,200.19695,CH,46.818188,8.227512,Switzerland
Switzerland,CHE,2012,202.34164,CH,46.818188,8.227512,Switzerland
Switzerland,CHE,2013,204.6858,CH,46.818188,8.227512,Switzerland
Switzerland,CHE,2014,207.2018,CH,46.818188,8.227512,Switzerland
Switzerland,CHE,2015,209.57913,CH,46.818188,8.227512,Switzerland
Switzerland,CHE,2016,211.88623,CH,46.818188,8.227512,Switzerland
Switzerland,CHE,2017,213.88,CH,46.818188,8.227512,Switzerland
Switzerland,CHE,2018,215.46779,CH,46.818188,8.227512,Switzerland
Switzerland,CHE,2019,217.01556,CH,46.818188,8.227512,Switzerland
Switzerland,CHE,2020,218.61026,CH,46.818188,8.227512,Switzerland
Switzerland,CHE,2021,219.94643,CH,46.818188,8.227512,Switzerland
Switzerland,CHE,2022,221.188,CH,46.818188,8.227512,Switzerland
Switzerland,CHE,2023,222.6102,CH,46.818188,8.227512,Switzerland
Turkey,TUR,2003,86.88243,TR,38.963745,35.243322,Turkey
Turkey,TUR,2004,88.07489,TR,38.963745,35.243322,Turkey
Turkey,TUR,2005,89.2698,TR,38.963745,35.243322,Turkey
Turkey,TUR,2006,90.43479,TR,38.963745,35.243322,Turkey
Turkey,TUR,2007,91.562004,TR,38.963745,35.243322,Turkey
Turkey,TUR,2008,92.66885,TR,38.963745,35.243322,Turkey
Turkey,TUR,2009,93.844635,TR,38.963745,35.243322,Turkey
Turkey,TUR,2010,95.1046,TR,38.963745,35.243322,Turkey
Turkey,TUR,2011,96.37599,TR,38.963745,35.243322,Turkey
Turkey,TUR,2012,97.809906,TR,38.963745,35.243322,Turkey
Turkey,TUR,2013,99.497314,TR,38.963745,35.243322,Turkey
Turkey,TUR,2014,101.49301,TR,38.963745,35.243322,Turkey
Turkey,TUR,2015,103.48632,TR,38.963745,35.243322,Turkey
Turkey,TUR,2016,105.270584,TR,38.963745,35.243322,Turkey
Turkey,TUR,2017,106.661415,TR,38.963745,35.243322,Turkey
Turkey,TUR,2018,107.59625,TR,38.963745,35.243322,Turkey
Turkey,TUR,2019,108.4699,TR,38.963745,35.243322,Turkey
Turkey,TUR,2020,109.31933,TR,38.963745,35.243322,Turkey
Turkey,TUR,2021,110.15086,TR,38.963745,35.243322,Turkey
Turkey,TUR,2022,110.88607,TR,38.963745,35.243322,Turkey
Turkey,TUR,2023,111.50318,TR,38.963745,35.243322,Turkey
Ukraine,UKR,2003,82.1637,UA,48.379433,31.16558,Ukraine
Ukraine,UKR,2004,81.57052,UA,48.379433,31.16558,Ukraine
Ukraine,UKR,2005,80.96758,UA,48.379433,31.16558,Ukraine
Ukraine,UKR,2006,80.41518,UA,48.379433,31.16558,Ukraine
Ukraine,UKR,2007,79.9328,UA,48.379433,31.16558,Ukraine
Ukraine,UKR,2008,79.5011,UA,48.379433,31.16558,Ukraine
Ukraine,UKR,2009,79.15755,UA,48.379433,31.16558,Ukraine
Ukraine,UKR,2010,78.8454,UA,48.379433,31.16558,Ukraine
Ukraine,UKR,2011,78.557365,UA,48.379433,31.16558,Ukraine
Ukraine,UKR,2012,78.36767,UA,48.379433,31.16558,Ukraine
Ukraine,UKR,2013,78.19659,UA,48.379433,31.16558,Ukraine
Ukraine,UKR,2014,77.92211,UA,48.379433,31.16558,Ukraine
Ukraine,UKR,2015,77.63647,UA,48.379433,31.16558,Ukraine
Ukraine,UKR,2016,77.3793,UA,48.379433,31.16558,Ukraine
Ukraine,UKR,2017,77.07501,UA,48.379433,31.16558,Ukraine
Ukraine,UKR,2018,76.712036,UA,48.379433,31.16558,Ukraine
Ukraine,UKR,2019,76.30497,UA,48.379433,31.16558,Ukraine
Ukraine,UKR,2020,75.78471,UA,48.379433,31.16558,Ukraine
Ukraine,UKR,2021,75.131905,UA,48.379433,31.16558,Ukraine
Ukraine,UKR,2022,68.52217,UA,48.379433,31.16558,Ukraine
Ukraine,UKR,2023,63.418427,UA,48.379433,31.16558,Ukraine
United Kingdom,GBR,2003,246.55809,GB,55.378051,-3.435973,United Kingdom
United Kingdom,GBR,2004,247.98848,GB,55.378051,-3.435973,United Kingdom
United Kingdom,GBR,2005,249.59178,GB,55.378051,-3.435973,United Kingdom
United Kingdom,GBR,2006,251.32765,GB,55.378051,-3.435973,United Kingdom
United Kingdom,GBR,2007,253.21655,GB,55.378051,-3.435973,United Kingdom
United Kingdom,GBR,2008,255.20668,GB,55.378051,-3.435973,United Kingdom
United Kingdom,GBR,2009,257.27847,GB,55.378051,-3.435973,United Kingdom
United Kingdom,GBR,2010,259.4141,GB,55.378051,-3.435973,United Kingdom
United Kingdom,GBR,2011,261.58954,GB,55.378051,-3.435973,United Kingdom
United Kingdom,GBR,2012,263.74872,GB,55.378051,-3.435973,United Kingdom
United Kingdom,GBR,2013,265.78885,GB,55.378051,-3.435973,United Kingdom
United Kingdom,GBR,2014,267.73654,GB,55.378051,-3.435973,United Kingdom
United Kingdom,GBR,2015,269.60016,GB,55.378051,-3.435973,United Kingdom
United Kingdom,GBR,2016,271.38098,GB,55.378051,-3.435973,United Kingdom
United Kingdom,GBR,2017,273.07407,GB,55.378051,-3.435973,United Kingdom
United Kingdom,GBR,2018,274.59595,GB,55.378051,-3.435973,United Kingdom
United Kingdom,GBR,2019,276.02472,GB,55.378051,-3.435973,United Kingdom
United Kingdom,GBR,2020,277.18542,GB,55.378051,-3.435973,United Kingdom
United Kingdom,GBR,2021,278.10126,GB,55.378051,-3.435973,United Kingdom
United Kingdom,GBR,2022,279.04327,GB,55.378051,-3.435973,United Kingdom
United Kingdom,GBR,2023,279.9851,GB,55.378051,-3.435973,United Kingdom
